Título,Capa
A cinco passos de você,./71.jpg
É assim que acaba,./72.jpg
É Assim que começa,./73.jpg
O caçador de pipas,./74.jpg
As mil partes do meu coração,./75.jpg
Por lugares incríveis,./76.jpg
As vantagens de ser invisível,./77.jpg
O menino do pijama listrado,./78.jpg
Caraval,./2.jpg
Lendário,./3.jpg
Finale,./4.jpg
Battle Royale,./50.jpg
Jogos Vorazes,./52.jpg
Em Chamas,./53.jpg
A Esperança,./54.jpg
A cantiga dos pássaros e das serpentes,./55.jpg
O conto da aia,./56.jpg
A rainha vermelha,./91.jpg
Canção da rainha,./92.jpg
Cicatrizes de aço,./93.jpg
Espada de vidro,./94.jpg
A prisão do rei,./95.jpg
Tempestade de guerra,./96.jpg
Trono destruído,./97.jpg
Moby Dick,./123.jpg
A Guerra dos Tronos,./124.jpg
A fúria dos reis,./125.jpg
A tormenta de espadas,./126.jpg
O festim dos corvos,./127.jpg
A dança dos dragões,./128.jpg
O Sol é para todos,./129.jpg
A Guerra dos Mundos,./132.jpg
Os Homens que não amavam as mulheres,./154.jpg
A Menina que brincava com fogo,./155.jpg
A Rainha do castelo de ar,./156.jpg
A Garota na teia de aranha,./157.jpg
O Homem que buscava sua sombra,./158.jpg
A Garota marcada para morrer,./159.jpg
Os sete maridos de Evelyn Hugo,./184.jpg
O Segredo da Livraria de Paris,./190.jpg
A paciente sileciosa,./191.jpg
A empregada,./192.jpg
O segredo da empregada,./193.jpg
A empregada está de olho,./194.jpg
Livrai-nos do mal,./196.jpg
A família perfeita,./200.jpg
O cemitério,./202.jpg
O colecionador,./203.jpg
O vilarejo,./204.jpg
Saboroso cadáver,./205.jpg
O bebê de Rosemary,./206.jpg
Entre quatro paredes,./207.jpg
Drácula,./209.jpg